/*
SQLyog Community v13.2.0 (64 bit)
MySQL - 10.4.28-MariaDB : Database - alumni_db
*********************************************************************
*/

/*!40101 SET NAMES utf8 */;

/*!40101 SET SQL_MODE=''*/;

/*!40014 SET @OLD_UNIQUE_CHECKS=@@UNIQUE_CHECKS, UNIQUE_CHECKS=0 */;
/*!40014 SET @OLD_FOREIGN_KEY_CHECKS=@@FOREIGN_KEY_CHECKS, FOREIGN_KEY_CHECKS=0 */;
/*!40101 SET @OLD_SQL_MODE=@@SQL_MODE, SQL_MODE='NO_AUTO_VALUE_ON_ZERO' */;
/*!40111 SET @OLD_SQL_NOTES=@@SQL_NOTES, SQL_NOTES=0 */;
CREATE DATABASE /*!32312 IF NOT EXISTS*/`alumni_db` /*!40100 DEFAULT CHARACTER SET utf8mb4 COLLATE utf8mb4_general_ci */;

USE `alumni_db`;

/*Table structure for table `jobs` */

DROP TABLE IF EXISTS `jobs`;

CREATE TABLE `jobs` (
  `id` int(11) NOT NULL AUTO_INCREMENT,
  `user_id` int(11) NOT NULL,
  `job_position` varchar(255) NOT NULL,
  `company_name` varchar(255) NOT NULL,
  `company_type` varchar(255) NOT NULL,
  `time_period` varchar(255) NOT NULL,
  PRIMARY KEY (`id`)
) ENGINE=InnoDB AUTO_INCREMENT=12 DEFAULT CHARSET=utf8mb4 COLLATE=utf8mb4_general_ci;

/*Data for the table `jobs` */

insert  into `jobs`(`id`,`user_id`,`job_position`,`company_name`,`company_type`,`time_period`) values 
(6,9,'aaa','aaa','public','January 2023 - June 2023'),
(7,10,'IT staff','FCPC','private',' - Current'),
(8,11,'wwawar','wawrawr','private','January 2022 - November 2022'),
(9,12,'mamama','mmeemme','public','January 2023 - Current'),
(10,13,'zzz','company z','private','February 2021 - Current'),
(11,1,'zzz','company z','private','February 2021 - Current');

/*Table structure for table `programs` */

DROP TABLE IF EXISTS `programs`;

CREATE TABLE `programs` (
  `program` varchar(255) NOT NULL,
  `name` varchar(255) NOT NULL,
  PRIMARY KEY (`program`)
) ENGINE=InnoDB DEFAULT CHARSET=utf8mb4 COLLATE=utf8mb4_general_ci;

/*Data for the table `programs` */

insert  into `programs`(`program`,`name`) values 
('0','BACHELOR OF ARTS IN COMMUNICATION'),
('1','BACHELOR OF ARTS IN POLITICAL SCIENCE'),
('10','BACHELOR OF SCIENCE IN COMPUTER ENGINEERING'),
('11','BACHELOR OF SCIENCE IN CRIMINOLOGY'),
('12','BACHELOR OF SECONDARY EDUCATION (ENGLISH)'),
('13','BACHELOR OF SCIENCE IN HOSPITALITY MANAGEMENT'),
('14','BACHELOR OF SCIENCE IN HOTEL AND RESTAURANT MANAGEMENT'),
('15','BACHELOR OF SCIENCE IN INTERNAL AUDITING'),
('16','BACHELOR OF SCIENCE IN INDUSTRIAL ENGINEERING'),
('17','BACHELOR OF SCIENCE IN INFORMATION SYSTEM'),
('18','BACHELOR OF SCIENCE IN INFORMATION TECHNOLOGY'),
('19','BACHELOR OF SCIENCE IN INFORMATION TECHNOLOGY - CYBER SECURITY'),
('2','BACHELOR OF ARTS IN PSYCHOLOGY'),
('20','BACHELOR OF SCIENCE IN MIDWIFERY'),
('21','BACHELOR OF SCIENCE IN MANAGEMENT ACCOUNTING'),
('22','BACHELOR OF SCIENCE IN NURSING'),
('23','BACHELOR OF SCIENCE IN OFFICE MANAGEMENT'),
('24','BACHELOR OF SCIENCE IN PSYCHOLOGY'),
('25','BACHELOR OF SCIENCE IN TOURISM MANAGEMENT'),
('26','BACHELOR OF TECHNOLOGY AND LIVELIHOOD EDUCATION (HOME ECONOMICS)'),
('27','CERTIFICATE OF TEACHING EDUCATION'),
('28','DIPLOMA IN MIDWIFERY'),
('29','MEDICAL STUDENT BRIDGING PROGRAM'),
('3','BACHELOR OF ELEMENTARY EDUCATION'),
('30','TESDA: CUSTOMER SERVICE NCII'),
('31','TESDA: MICROFINANCE TECHNOLOGY NC II'),
('32','BACHELOR OF SECONDARY EDUCATION (FILIPINO)'),
('33','BACHELOR OF SECONDARY EDUCATION (SOCIAL STUDIES)'),
('34','BACHELOR OF SECONDARY EDUCATION (VALUES EDUCATION)'),
('35','BACHELOR OF SECONDARY EDUCATION (MATHEMATICS)'),
('36','BACHELOR OF SECONDARY EDUCATION (PHYSICAL SCIENCE)'),
('37','BACHELOR OF TECHNOLOGY AND LIVELIHOOD EDUCATION (INFORMATION AND COMMUNICATION TECHNOLOGY)'),
('38','BACHELOR OF SCIENCE IN BUSINESS MANAGEMENT MAJOR IN HUMAN RESOURCES MANAGEMENT'),
('39','BACHELOR OF SCIENCE IN BUSINESS MANAGEMENT MAJOR IN FINANCIAL MANAGEMENT'),
('4','BACHELOR OF PHYSICAL EDUCATION'),
('40','BACHELOR OF SCIENCE IN BUSINESS MANAGEMENT MAJOR IN MARKETING MANAGEMENT'),
('41','BACHELOR OF SECONDARY EDUCATION (SCIENCE)'),
('42','BACHELOR OF SCIENCE IN BUSINESS MANAGEMENT MAJOR IN OPERATION MANAGEMENT'),
('5','BACHELOR OF SCIENCE IN BIOLOGY'),
('6','BACHELOR OF SCIENCE IN ACCOUNTANCY'),
('7','BACHELOR OF SCIENCE IN ACCOUNTANCY INFORMATION SYSTEM'),
('8','BACHELOR OF SCIENCE IN CIVIL ENGINEERING'),
('9','BACHELOR OF SCIENCE IN COMPUTER SCIENCE');

/*Table structure for table `users` */

DROP TABLE IF EXISTS `users`;

CREATE TABLE `users` (
  `id` int(11) NOT NULL AUTO_INCREMENT,
  `email` varchar(255) NOT NULL,
  `password` varchar(255) NOT NULL,
  `firstname` varchar(255) NOT NULL,
  `lastname` varchar(255) NOT NULL,
  `phone` varchar(255) NOT NULL,
  `date_graduated` varchar(255) NOT NULL,
  `program` varchar(255) NOT NULL,
  `role` varchar(255) NOT NULL,
  `image` varchar(255) NOT NULL,
  `createdAt` datetime NOT NULL,
  `updatedAt` datetime NOT NULL,
  PRIMARY KEY (`id`),
  UNIQUE KEY `email` (`email`)
) ENGINE=InnoDB AUTO_INCREMENT=14 DEFAULT CHARSET=utf8mb4 COLLATE=utf8mb4_general_ci;

/*Data for the table `users` */

insert  into `users`(`id`,`email`,`password`,`firstname`,`lastname`,`phone`,`date_graduated`,`program`,`role`,`image`,`createdAt`,`updatedAt`) values 
(1,'admin@gmail.com','$2b$10$T8f6LK2H2zHOD/bNcydXgeL9aNlp4jvSKSuDuae4mI8YkmXLjlH3e','admin','admin','+639123123129','2023-05-30','0','1','admin@gmail.com_341944235_557914406243255_145298723706861646_n.png','2023-05-30 02:31:53','2023-05-30 02:31:53'),
(9,'a@a','$2b$10$jILLAmKuvIq.bGE4a/TDV.k12o0HWHogbaBQK92/FrvoVEIcusI36','a','a','+639123123129','2023-06-02','0','2','a@a_341944235_557914406243255_145298723706861646_n.png','2023-06-02 05:03:26','2023-06-02 05:03:26'),
(10,'q@q','$2b$10$zAAQxQEpzR22xn2Y6RwSyuY/iKvD4FRwJsUP/IVOnZuvkD3LPBxe6','q','q','+639123123129','2020-12-27','14','2','q@q_341944235_557914406243255_145298723706861646_n.png','2023-06-02 05:04:32','2023-06-02 05:05:38'),
(11,'w@w','$2b$10$xMrtMQZqOcKRTWnU119f6e.FllJRRR5lsLav2b8X38mTHIn1ptkgC','www','www','+639123123123','2023-06-02','17','2','w@w_346012329_1259503841626952_502466902732242847_n.png','2023-06-02 05:09:39','2023-06-02 07:51:29'),
(12,'m@m','$2b$10$CMHUoExO0r9Qpud8KZuK8eP8pthxxcMr9lI37.aMlOmmDI90sATNu','m','m','+639123123129','2022-11-02','18','2','m@m_341944235_557914406243255_145298723706861646_n.png','2023-06-02 07:54:10','2023-06-02 07:54:10'),
(13,'x@x','$2b$10$WzV.nEbp1j2x5jSjNzgoA.7TRDeZhmL4WMfFeGOXgKYxmEzLM9MAG','x','x','+639123123123','2023-06-06','1','2','x@x_Sad-pug.jpg','2023-06-06 06:07:22','2023-06-06 06:07:59');

/*!40101 SET SQL_MODE=@OLD_SQL_MODE */;
/*!40014 SET FOREIGN_KEY_CHECKS=@OLD_FOREIGN_KEY_CHECKS */;
/*!40014 SET UNIQUE_CHECKS=@OLD_UNIQUE_CHECKS */;
/*!40111 SET SQL_NOTES=@OLD_SQL_NOTES */;
